Time,Size1,Count1 (dM3),Size2,Count2 (dM3),Size3,Count3 (dM3),Size4,Count4 (dM3),Size5,Count5 (dM3),Size6,Count6 (dM3),AT (C),RH (%),Location,Seconds,A1Size,A2Size,Status
2/8/2026 13:58,0.3,6711,0.5,0,1,0,2,353,5,1059,10,1766,,,100,60,,,0
2/8/2026 13:59,0.3,4592,0.5,0,1,0,2,0,5,0,10,353,,,100,60,,,0
2/8/2026 14:00,0.3,353,0.5,0,1,0,2,0,5,0,10,0,,,100,60,,,0
2/8/2026 14:01,0.3,0,0.5,0,1,0,2,0,5,0,10,0,,,100,60,,,0
2/8/2026 14:02,0.3,0,0.5,0,1,0,2,0,5,0,10,0,,,100,60,,,0
2/8/2026 14:03,0.3,706,0.5,0,1,0,2,0,5,0,10,0,,,100,60,,,0
2/8/2026 14:04,0.3,0,0.5,0,1,0,2,0,5,0,10,0,,,100,60,,,0
2/8/2026 14:05,0.3,0,0.5,0,1,0,2,0,5,0,10,0,,,100,60,,,0
2/8/2026 14:06,0.3,0,0.5,0,1,0,2,0,5,0,10,0,,,100,60,,,0
2/8/2026 14:07,0.3,353,0.5,0,1,0,2,0,5,0,10,0,,,100,60,,,0
2/8/2026 14:08,0.3,353,0.5,0,1,0,2,0,5,0,10,0,,,100,60,,,0
2/8/2026 14:09,0.3,0,0.5,0,1,0,2,0,5,0,10,0,,,100,60,,,0
2/8/2026 14:10,0.3,0,0.5,0,1,0,2,0,5,0,10,0,,,100,60,,,0
2/8/2026 14:11,0.3,0,0.5,0,1,0,2,0,5,0,10,0,,,100,60,,,0
2/8/2026 14:12,0.3,353,0.5,0,1,0,2,0,5,0,10,0,,,100,60,,,0
2/8/2026 14:13,0.3,1059,0.5,0,1,0,2,0,5,0,10,0,,,100,60,,,0
2/8/2026 14:14,0.3,4592,0.5,0,1,0,2,0,5,0,10,353,,,100,60,,,0
2/8/2026 14:15,0.3,0,0.5,0,1,0,2,0,5,0,10,0,,,100,60,,,0
2/8/2026 14:16,0.3,0,0.5,0,1,0,2,0,5,0,10,0,,,100,60,,,0
2/8/2026 14:17,0.3,0,0.5,0,1,0,2,0,5,0,10,0,,,100,60,,,0
2/8/2026 14:18,0.3,353,0.5,0,1,0,2,0,5,0,10,0,,,100,60,,,0
2/8/2026 14:19,0.3,0,0.5,0,1,0,2,0,5,0,10,0,,,100,60,,,0
2/8/2026 14:20,0.3,706,0.5,0,1,0,2,0,5,0,10,0,,,100,60,,,0
2/8/2026 14:21,0.3,0,0.5,0,1,0,2,0,5,0,10,0,,,100,60,,,0
2/8/2026 14:22,0.3,0,0.5,0,1,0,2,0,5,0,10,0,,,100,60,,,0
2/8/2026 14:23,0.3,353,0.5,0,1,0,2,0,5,0,10,0,,,100,60,,,0
2/8/2026 14:24,0.3,0,0.5,0,1,0,2,0,5,0,10,0,,,100,60,,,0
2/8/2026 14:25,0.3,353,0.5,0,1,0,2,0,5,0,10,0,,,100,60,,,0
2/8/2026 14:26,0.3,0,0.5,0,1,0,2,0,5,0,10,0,,,100,60,,,0
2/8/2026 14:27,0.3,0,0.5,0,1,0,2,0,5,0,10,0,,,100,60,,,0
2/8/2026 14:28,0.3,1059,0.5,0,1,0,2,0,5,0,10,0,,,100,60,,,0
2/8/2026 14:29,0.3,0,0.5,0,1,0,2,0,5,0,10,0,,,100,60,,,0
2/8/2026 14:30,0.3,353,0.5,0,1,0,2,0,5,0,10,0,,,100,60,,,0
2/8/2026 14:31,0.3,0,0.5,0,1,0,2,0,5,0,10,0,,,100,60,,,0
2/8/2026 14:32,0.3,706,0.5,0,1,0,2,0,5,0,10,0,,,100,60,,,0
2/8/2026 14:33,0.3,0,0.5,0,1,0,2,0,5,0,10,0,,,100,60,,,0
2/8/2026 14:34,0.3,0,0.5,0,1,0,2,0,5,0,10,0,,,100,60,,,0
2/8/2026 14:35,0.3,353,0.5,0,1,0,2,0,5,0,10,0,,,100,60,,,0
2/8/2026 14:36,0.3,0,0.5,0,1,0,2,0,5,0,10,0,,,100,60,,,0
2/8/2026 14:37,0.3,353,0.5,0,1,0,2,0,5,0,10,0,,,100,60,,,0
2/8/2026 14:38,0.3,6711,0.5,1766,1,0,2,0,5,0,10,0,,,100,60,,,0
2/8/2026 14:39,0.3,0,0.5,0,1,0,2,0,5,0,10,0,,,100,60,,,0
2/8/2026 14:40,0.3,353,0.5,0,1,0,2,0,5,0,10,0,,,100,60,,,0
2/8/2026 14:41,0.3,155068,0.5,5651,1,0,2,0,5,353,10,353,,,100,60,,,0
2/8/2026 14:42,0.3,353,0.5,0,1,0,2,0,5,0,10,0,,,100,60,,,0
2/8/2026 14:43,0.3,0,0.5,0,1,0,2,0,5,0,10,0,,,100,60,,,0
2/8/2026 14:44,0.3,353,0.5,0,1,0,2,0,5,0,10,0,,,100,60,,,0
2/8/2026 14:45,0.3,0,0.5,0,1,0,2,0,5,0,10,0,,,100,60,,,0
2/8/2026 14:46,0.3,353,0.5,0,1,0,2,0,5,0,10,0,,,100,60,,,0
2/8/2026 14:47,0.3,0,0.5,0,1,0,2,0,5,0,10,0,,,100,60,,,0
2/8/2026 14:48,0.3,0,0.5,0,1,0,2,0,5,0,10,0,,,100,60,,,0
2/8/2026 14:49,0.3,353,0.5,0,1,0,2,0,5,0,10,0,,,100,60,,,0
2/8/2026 14:50,0.3,706,0.5,0,1,0,2,0,5,0,10,0,,,100,60,,,0
2/8/2026 14:51,0.3,0,0.5,0,1,0,2,0,5,0,10,0,,,100,60,,,0
2/8/2026 14:52,0.3,353,0.5,0,1,0,2,0,5,0,10,0,,,100,60,,,0
2/8/2026 14:53,0.3,0,0.5,0,1,0,2,0,5,0,10,0,,,100,60,,,0
2/8/2026 14:54,0.3,0,0.5,0,1,0,2,0,5,0,10,0,,,100,60,,,0
2/8/2026 14:55,0.3,0,0.5,0,1,0,2,0,5,0,10,0,,,100,60,,,0
2/8/2026 14:56,0.3,353,0.5,0,1,0,2,0,5,0,10,0,,,100,60,,,0
2/8/2026 14:57,0.3,0,0.5,0,1,0,2,0,5,0,10,0,,,100,60,,,0
2/8/2026 14:58,0.3,706,0.5,0,1,0,2,0,5,0,10,0,,,100,60,,,0
2/8/2026 14:59,0.3,706,0.5,0,1,353,2,0,5,0,10,0,,,100,60,,,0
2/8/2026 15:00,0.3,353,0.5,353,1,0,2,0,5,0,10,0,,,100,60,,,0
2/8/2026 15:01,0.3,353,0.5,0,1,0,2,0,5,0,10,0,,,100,60,,,0
2/8/2026 15:02,0.3,0,0.5,0,1,0,2,0,5,0,10,0,,,100,60,,,0
2/8/2026 15:03,0.3,0,0.5,0,1,0,2,0,5,0,10,0,,,100,60,,,0
2/8/2026 15:04,0.3,1059,0.5,0,1,0,2,0,5,0,10,0,,,100,60,,,0
2/8/2026 15:05,0.3,706,0.5,0,1,0,2,0,5,0,10,0,,,100,60,,,0
2/8/2026 15:06,0.3,353,0.5,0,1,0,2,0,5,0,10,0,,,100,60,,,0
2/8/2026 15:07,0.3,1059,0.5,353,1,0,2,0,5,0,10,0,,,100,60,,,0
2/8/2026 15:08,0.3,1766,0.5,0,1,0,2,0,5,0,10,0,,,100,60,,,0
2/8/2026 15:09,0.3,353,0.5,0,1,0,2,0,5,0,10,0,,,100,60,,,0
2/8/2026 15:10,0.3,1059,0.5,0,1,0,2,0,5,0,10,0,,,100,60,,,0
2/8/2026 15:11,0.3,706,0.5,0,1,0,2,0,5,0,10,0,,,100,60,,,0
2/8/2026 15:12,0.3,706,0.5,0,1,0,2,0,5,0,10,0,,,100,60,,,0
2/8/2026 15:13,0.3,706,0.5,0,1,0,2,0,5,0,10,0,,,100,60,,,0
2/8/2026 15:14,0.3,706,0.5,0,1,0,2,0,5,0,10,0,,,100,60,,,0
2/8/2026 15:15,0.3,1412,0.5,0,1,0,2,0,5,0,10,0,,,100,60,,,0
2/8/2026 15:16,0.3,706,0.5,0,1,0,2,0,5,0,10,0,,,100,60,,,0
2/8/2026 15:17,0.3,353,0.5,0,1,0,2,0,5,0,10,0,,,100,60,,,0
2/8/2026 15:18,0.3,1412,0.5,0,1,0,2,0,5,0,10,0,,,100,60,,,0
2/8/2026 15:19,0.3,1059,0.5,0,1,0,2,0,5,0,10,0,,,100,60,,,0
2/8/2026 15:20,0.3,0,0.5,0,1,0,2,0,5,0,10,0,,,100,60,,,0
2/8/2026 15:21,0.3,706,0.5,0,1,0,2,0,5,0,10,0,,,100,60,,,0
2/8/2026 15:22,0.3,2472,0.5,0,1,0,2,0,5,0,10,0,,,100,60,,,0
2/8/2026 15:23,0.3,353,0.5,0,1,0,2,0,5,0,10,0,,,100,60,,,0
2/8/2026 15:24,0.3,353,0.5,353,1,0,2,0,5,0,10,0,,,100,60,,,0
2/8/2026 15:25,0.3,706,0.5,0,1,0,2,0,5,0,10,0,,,100,60,,,0
2/8/2026 15:26,0.3,1059,0.5,0,1,0,2,0,5,0,10,0,,,100,60,,,0
2/8/2026 15:27,0.3,2472,0.5,0,1,0,2,0,5,0,10,0,,,100,60,,,0
2/8/2026 15:28,0.3,1059,0.5,0,1,0,2,0,5,0,10,0,,,100,60,,,0
2/8/2026 15:29,0.3,1059,0.5,0,1,0,2,0,5,0,10,0,,,100,60,,,0
2/8/2026 15:30,0.3,0,0.5,0,1,0,2,0,5,0,10,0,,,100,60,,,0
2/8/2026 15:31,0.3,2119,0.5,0,1,0,2,0,5,0,10,0,,,100,60,,,0
2/8/2026 15:32,0.3,1059,0.5,0,1,0,2,0,5,0,10,0,,,100,60,,,0
2/8/2026 15:33,0.3,1412,0.5,0,1,0,2,0,5,0,10,0,,,100,60,,,0
2/8/2026 15:34,0.3,0,0.5,0,1,0,2,0,5,0,10,0,,,100,60,,,0
2/8/2026 15:35,0.3,1059,0.5,353,1,0,2,0,5,0,10,0,,,100,60,,,0
2/8/2026 15:36,0.3,2119,0.5,0,1,0,2,0,5,0,10,0,,,100,60,,,0
2/8/2026 15:37,0.3,706,0.5,0,1,0,2,0,5,0,10,0,,,100,60,,,0
2/8/2026 15:38,0.3,1412,0.5,0,1,0,2,0,5,0,10,0,,,100,60,,,0
2/8/2026 15:39,0.3,1412,0.5,353,1,0,2,0,5,0,10,0,,,100,60,,,0
2/8/2026 15:40,0.3,2119,0.5,0,1,0,2,0,5,0,10,0,,,100,60,,,0
2/8/2026 15:41,0.3,0,0.5,0,1,0,2,0,5,0,10,0,,,100,60,,,0
2/8/2026 15:42,0.3,1059,0.5,0,1,0,2,0,5,0,10,0,,,100,60,,,0
2/8/2026 15:43,0.3,353,0.5,0,1,0,2,0,5,0,10,0,,,100,60,,,0
2/8/2026 15:44,0.3,0,0.5,0,1,0,2,0,5,0,10,0,,,100,60,,,0
2/8/2026 15:45,0.3,353,0.5,0,1,0,2,0,5,0,10,0,,,100,60,,,0
2/8/2026 15:46,0.3,1059,0.5,0,1,0,2,0,5,0,10,0,,,100,60,,,0
2/8/2026 15:47,0.3,1766,0.5,0,1,0,2,0,5,0,10,0,,,100,60,,,0
2/8/2026 15:48,0.3,2119,0.5,0,1,0,2,0,5,0,10,0,,,100,60,,,0
2/8/2026 15:49,0.3,353,0.5,353,1,0,2,0,5,0,10,0,,,100,60,,,0
2/8/2026 15:50,0.3,1059,0.5,0,1,0,2,0,5,0,10,0,,,100,60,,,0
2/8/2026 15:51,0.3,1766,0.5,0,1,0,2,0,5,0,10,0,,,100,60,,,0
2/8/2026 15:52,0.3,1412,0.5,0,1,0,2,0,5,0,10,0,,,100,60,,,0
2/8/2026 15:53,0.3,1059,0.5,0,1,0,2,0,5,0,10,0,,,100,60,,,0
2/8/2026 15:54,0.3,1766,0.5,0,1,0,2,0,5,0,10,0,,,100,60,,,0
2/8/2026 15:55,0.3,2119,0.5,353,1,0,2,0,5,0,10,0,,,100,60,,,0
2/8/2026 15:56,0.3,0,0.5,353,1,0,2,0,5,0,10,0,,,100,60,,,0
2/8/2026 15:57,0.3,706,0.5,353,1,0,2,0,5,0,10,0,,,100,60,,,0
2/8/2026 15:58,0.3,706,0.5,353,1,0,2,0,5,0,10,0,,,100,60,,,0
2/8/2026 15:59,0.3,353,0.5,0,1,0,2,0,5,0,10,0,,,100,60,,,0
2/8/2026 16:00,0.3,706,0.5,0,1,0,2,0,5,0,10,0,,,100,60,,,0
2/8/2026 16:01,0.3,1059,0.5,0,1,0,2,0,5,0,10,0,,,100,60,,,0
2/8/2026 16:02,0.3,353,0.5,0,1,0,2,0,5,0,10,0,,,100,60,,,0
2/8/2026 16:03,0.3,1059,0.5,0,1,0,2,0,5,0,10,0,,,100,60,,,0
2/8/2026 16:04,0.3,2825,0.5,353,1,0,2,0,5,0,10,0,,,100,60,,,0
2/8/2026 16:05,0.3,2119,0.5,0,1,0,2,0,5,0,10,0,,,100,60,,,0
2/8/2026 16:06,0.3,49452,0.5,353,1,0,2,0,5,0,10,0,,,100,60,,,0
2/8/2026 16:07,0.3,1059,0.5,353,1,0,2,0,5,0,10,0,,,100,60,,,0
2/8/2026 16:08,0.3,1412,0.5,0,1,353,2,0,5,0,10,0,,,100,60,,,0
2/8/2026 16:09,0.3,1059,0.5,353,1,0,2,0,5,0,10,0,,,100,60,,,0
2/8/2026 16:10,0.3,1766,0.5,0,1,0,2,0,5,0,10,0,,,100,60,,,0
2/8/2026 16:11,0.3,1059,0.5,0,1,0,2,0,5,0,10,0,,,100,60,,,0
2/8/2026 16:12,0.3,1412,0.5,0,1,0,2,0,5,0,10,0,,,100,60,,,0
2/8/2026 16:13,0.3,706,0.5,0,1,0,2,0,5,0,10,0,,,100,60,,,0
2/8/2026 16:14,0.3,1059,0.5,0,1,0,2,0,5,0,10,0,,,100,60,,,0
2/8/2026 16:15,0.3,1059,0.5,0,1,0,2,0,5,0,10,0,,,100,60,,,0
2/8/2026 16:16,0.3,1059,0.5,0,1,0,2,0,5,0,10,0,,,100,60,,,0
2/8/2026 16:17,0.3,706,0.5,0,1,0,2,0,5,0,10,0,,,100,60,,,0
2/8/2026 16:18,0.3,0,0.5,0,1,0,2,0,5,0,10,0,,,100,60,,,0
2/8/2026 16:19,0.3,353,0.5,0,1,0,2,0,5,0,10,0,,,100,60,,,0
2/8/2026 16:20,0.3,353,0.5,0,1,0,2,0,5,0,10,0,,,100,60,,,0
2/8/2026 16:21,0.3,1059,0.5,0,1,0,2,0,5,0,10,0,,,100,60,,,0
2/8/2026 16:22,0.3,353,0.5,0,1,0,2,0,5,0,10,0,,,100,60,,,0
2/8/2026 16:23,0.3,0,0.5,0,1,0,2,0,5,0,10,0,,,100,60,,,0
2/8/2026 16:24,0.3,353,0.5,0,1,0,2,0,5,0,10,0,,,100,60,,,0
2/8/2026 16:25,0.3,0,0.5,0,1,0,2,0,5,0,10,0,,,100,60,,,0
2/8/2026 16:26,0.3,0,0.5,0,1,0,2,0,5,0,10,0,,,100,60,,,0
2/8/2026 16:27,0.3,353,0.5,0,1,0,2,0,5,0,10,0,,,100,60,,,0
2/8/2026 16:28,0.3,353,0.5,0,1,0,2,0,5,0,10,0,,,100,60,,,0
2/8/2026 16:29,0.3,706,0.5,0,1,0,2,0,5,0,10,0,,,100,60,,,0
2/8/2026 16:30,0.3,0,0.5,0,1,0,2,0,5,0,10,0,,,100,60,,,0
2/8/2026 16:31,0.3,0,0.5,0,1,0,2,0,5,0,10,0,,,100,60,,,0
2/8/2026 16:32,0.3,353,0.5,0,1,0,2,0,5,0,10,0,,,100,60,,,0
2/8/2026 16:33,0.3,0,0.5,0,1,0,2,0,5,0,10,0,,,100,60,,,0
2/8/2026 16:34,0.3,1059,0.5,353,1,0,2,0,5,0,10,0,,,100,60,,,0
2/8/2026 16:35,0.3,282232,0.5,18014,1,1059,2,4592,5,2119,10,2119,,,100,60,,,0
2/8/2026 16:36,0.3,6004,0.5,2119,1,706,2,0,5,0,10,0,,,100,60,,,0
2/8/2026 16:37,0.3,10596,0.5,2472,1,0,2,0,5,0,10,353,,,100,60,,,0
2/8/2026 16:38,0.3,3885,0.5,0,1,0,2,0,5,0,10,0,,,100,60,,,0
2/8/2026 16:39,0.3,1766,0.5,353,1,353,2,0,5,0,10,353,,,100,60,,,0
2/8/2026 16:40,0.3,353,0.5,0,1,0,2,0,5,0,10,0,,,100,60,,,0
2/8/2026 16:41,0.3,353,0.5,0,1,0,2,0,5,0,10,0,,,100,60,,,0
2/8/2026 16:42,0.3,0,0.5,0,1,0,2,0,5,0,10,0,,,100,60,,,0
2/8/2026 16:43,0.3,1059,0.5,0,1,0,2,0,5,0,10,0,,,100,60,,,0
2/8/2026 16:44,0.3,0,0.5,0,1,0,2,0,5,0,10,0,,,100,60,,,0
2/8/2026 16:45,0.3,706,0.5,0,1,0,2,0,5,0,10,0,,,100,60,,,0
2/8/2026 16:46,0.3,5298,0.5,706,1,0,2,0,5,0,10,0,,,100,60,,,0
2/8/2026 16:47,0.3,2119,0.5,353,1,0,2,0,5,0,10,0,,,100,60,,,0
2/8/2026 16:48,0.3,4945,0.5,706,1,1059,2,0,5,0,10,0,,,100,60,,,0
2/8/2026 16:49,0.3,706,0.5,353,1,0,2,0,5,0,10,0,,,100,60,,,0
2/8/2026 16:50,0.3,353,0.5,0,1,0,2,0,5,0,10,0,,,100,60,,,0
2/8/2026 16:51,0.3,1059,0.5,353,1,0,2,353,5,0,10,0,,,100,60,,,0
2/8/2026 16:52,0.3,0,0.5,706,1,0,2,0,5,0,10,0,,,100,60,,,0
2/8/2026 16:53,0.3,5298,0.5,0,1,0,2,0,5,0,10,0,,,100,60,,,0
2/8/2026 16:54,0.3,353,0.5,0,1,0,2,0,5,0,10,0,,,100,60,,,0
2/8/2026 16:55,0.3,0,0.5,0,1,0,2,0,5,0,10,0,,,100,60,,,0
2/8/2026 16:56,0.3,0,0.5,0,1,0,2,0,5,0,10,0,,,100,60,,,0
2/8/2026 16:57,0.3,706,0.5,353,1,0,2,0,5,0,10,0,,,100,60,,,0
2/8/2026 16:58,0.3,353,0.5,0,1,0,2,0,5,0,10,0,,,100,60,,,0
2/8/2026 16:59,0.3,353,0.5,0,1,0,2,0,5,0,10,0,,,100,60,,,0
2/8/2026 17:00,0.3,353,0.5,0,1,0,2,0,5,0,10,0,,,100,60,,,0
2/8/2026 17:01,0.3,0,0.5,0,1,0,2,0,5,0,10,0,,,100,60,,,0
2/8/2026 17:02,0.3,0,0.5,0,1,0,2,0,5,0,10,0,,,100,60,,,0
2/8/2026 17:03,0.3,0,0.5,0,1,0,2,0,5,0,10,0,,,100,60,,,0
2/8/2026 17:04,0.3,353,0.5,0,1,0,2,0,5,0,10,0,,,100,60,,,0
2/8/2026 17:05,0.3,0,0.5,0,1,0,2,0,5,0,10,0,,,100,60,,,0
2/8/2026 17:06,0.3,353,0.5,0,1,0,2,0,5,0,10,0,,,100,60,,,0
2/8/2026 17:07,0.3,0,0.5,0,1,0,2,0,5,0,10,0,,,100,60,,,0
2/8/2026 17:08,0.3,0,0.5,0,1,0,2,0,5,0,10,0,,,100,60,,,0
2/8/2026 17:09,0.3,353,0.5,0,1,0,2,0,5,0,10,0,,,100,60,,,0
2/8/2026 17:10,0.3,0,0.5,0,1,0,2,0,5,0,10,0,,,100,60,,,0
2/8/2026 17:11,0.3,353,0.5,0,1,0,2,0,5,0,10,0,,,100,60,,,0
2/8/2026 17:12,0.3,353,0.5,0,1,0,2,0,5,0,10,0,,,100,60,,,0
2/8/2026 17:13,0.3,0,0.5,0,1,0,2,0,5,0,10,0,,,100,60,,,0
2/8/2026 17:14,0.3,353,0.5,0,1,0,2,0,5,0,10,0,,,100,60,,,0
2/8/2026 17:15,0.3,0,0.5,0,1,0,2,0,5,0,10,0,,,100,60,,,0
2/8/2026 17:16,0.3,353,0.5,0,1,0,2,0,5,0,10,0,,,100,60,,,0
2/8/2026 17:17,0.3,353,0.5,0,1,0,2,0,5,0,10,0,,,100,60,,,0
2/8/2026 17:18,0.3,353,0.5,0,1,0,2,0,5,0,10,0,,,100,60,,,0
2/8/2026 17:19,0.3,353,0.5,0,1,0,2,0,5,0,10,0,,,100,60,,,0
2/8/2026 17:20,0.3,0,0.5,0,1,0,2,0,5,0,10,0,,,100,60,,,0
2/8/2026 17:21,0.3,353,0.5,0,1,0,2,0,5,0,10,0,,,100,60,,,0
2/8/2026 17:22,0.3,0,0.5,0,1,0,2,0,5,0,10,0,,,100,60,,,0
2/8/2026 17:23,0.3,0,0.5,0,1,0,2,0,5,0,10,0,,,100,60,,,0
2/8/2026 17:24,0.3,353,0.5,0,1,0,2,0,5,0,10,0,,,100,60,,,0
2/8/2026 17:25,0.3,353,0.5,0,1,0,2,0,5,0,10,0,,,100,60,,,0
2/8/2026 17:26,0.3,0,0.5,0,1,0,2,0,5,0,10,0,,,100,60,,,0
2/8/2026 17:27,0.3,0,0.5,0,1,0,2,0,5,0,10,0,,,100,60,,,0
2/8/2026 17:28,0.3,353,0.5,0,1,0,2,0,5,0,10,0,,,100,60,,,0
2/8/2026 17:29,0.3,353,0.5,0,1,0,2,0,5,0,10,0,,,100,60,,,0
2/8/2026 17:30,0.3,353,0.5,0,1,0,2,0,5,0,10,0,,,100,60,,,0
2/8/2026 17:31,0.3,0,0.5,0,1,0,2,0,5,0,10,0,,,100,60,,,0
2/8/2026 17:32,0.3,0,0.5,0,1,0,2,0,5,0,10,0,,,100,60,,,0
2/8/2026 17:33,0.3,0,0.5,0,1,0,2,0,5,0,10,0,,,100,60,,,0
2/8/2026 17:34,0.3,0,0.5,0,1,0,2,0,5,0,10,0,,,100,60,,,0
2/8/2026 17:35,0.3,0,0.5,0,1,0,2,0,5,0,10,0,,,100,60,,,0
2/8/2026 17:36,0.3,353,0.5,0,1,0,2,0,5,0,10,0,,,100,60,,,0
2/8/2026 17:37,0.3,0,0.5,0,1,0,2,0,5,0,10,0,,,100,60,,,0
2/8/2026 17:38,0.3,0,0.5,0,1,0,2,0,5,0,10,0,,,100,60,,,0
2/8/2026 17:39,0.3,353,0.5,0,1,0,2,0,5,0,10,0,,,100,60,,,0
2/8/2026 17:40,0.3,0,0.5,0,1,0,2,0,5,0,10,0,,,100,60,,,0
2/8/2026 17:41,0.3,353,0.5,0,1,0,2,0,5,0,10,0,,,100,60,,,0
2/8/2026 17:42,0.3,0,0.5,0,1,0,2,0,5,0,10,0,,,100,60,,,0
2/8/2026 17:43,0.3,0,0.5,0,1,0,2,0,5,0,10,0,,,100,60,,,0
2/8/2026 17:44,0.3,706,0.5,0,1,0,2,0,5,0,10,0,,,100,60,,,0
2/8/2026 17:45,0.3,0,0.5,0,1,0,2,0,5,0,10,0,,,100,60,,,0
2/8/2026 17:46,0.3,0,0.5,0,1,0,2,0,5,0,10,0,,,100,60,,,0
2/8/2026 17:47,0.3,706,0.5,0,1,0,2,0,5,0,10,0,,,100,60,,,0
2/8/2026 17:48,0.3,0,0.5,0,1,0,2,0,5,0,10,0,,,100,60,,,0
2/8/2026 17:49,0.3,0,0.5,0,1,0,2,0,5,0,10,0,,,100,60,,,0
2/8/2026 17:50,0.3,0,0.5,0,1,0,2,0,5,0,10,0,,,100,60,,,0
2/8/2026 17:51,0.3,0,0.5,0,1,0,2,0,5,0,10,0,,,100,60,,,0
2/8/2026 17:52,0.3,0,0.5,0,1,0,2,0,5,0,10,0,,,100,60,,,0
2/8/2026 17:53,0.3,0,0.5,0,1,0,2,0,5,0,10,0,,,100,60,,,0
2/8/2026 17:54,0.3,0,0.5,0,1,0,2,0,5,0,10,0,,,100,60,,,0
2/8/2026 17:55,0.3,0,0.5,0,1,0,2,0,5,0,10,0,,,100,60,,,0
2/8/2026 17:56,0.3,0,0.5,0,1,0,2,0,5,0,10,0,,,100,60,,,0
2/8/2026 17:57,0.3,706,0.5,0,1,0,2,0,5,0,10,0,,,100,60,,,0
2/8/2026 17:58,0.3,0,0.5,0,1,0,2,0,5,0,10,0,,,100,60,,,0
2/8/2026 17:59,0.3,0,0.5,0,1,0,2,0,5,0,10,0,,,100,60,,,0
2/8/2026 18:00,0.3,353,0.5,0,1,0,2,0,5,0,10,0,,,100,60,,,0
2/8/2026 18:01,0.3,353,0.5,0,1,0,2,0,5,0,10,0,,,100,60,,,0
2/8/2026 18:02,0.3,353,0.5,0,1,0,2,0,5,0,10,0,,,100,60,,,0
2/8/2026 18:03,0.3,0,0.5,0,1,0,2,0,5,0,10,0,,,100,60,,,0
2/8/2026 18:04,0.3,0,0.5,0,1,0,2,0,5,0,10,0,,,100,60,,,0
2/8/2026 18:05,0.3,353,0.5,0,1,0,2,0,5,0,10,0,,,100,60,,,0
2/8/2026 18:06,0.3,0,0.5,0,1,0,2,0,5,0,10,0,,,100,60,,,16
2/8/2026 18:07,0.3,0,0.5,0,1,0,2,0,5,0,10,0,,,100,60,,,16
2/8/2026 18:08,0.3,0,0.5,0,1,0,2,0,5,0,10,0,,,100,60,,,16
2/8/2026 18:09,0.3,353,0.5,0,1,0,2,0,5,0,10,0,,,100,60,,,16
2/8/2026 18:10,0.3,353,0.5,0,1,0,2,0,5,0,10,0,,,100,60,,,16
2/8/2026 18:11,0.3,0,0.5,0,1,0,2,0,5,0,10,0,,,100,60,,,16
2/8/2026 18:12,0.3,0,0.5,0,1,0,2,0,5,0,10,0,,,100,60,,,16
2/8/2026 18:13,0.3,0,0.5,0,1,0,2,0,5,0,10,0,,,100,60,,,16
2/8/2026 18:14,0.3,0,0.5,0,1,0,2,0,5,0,10,0,,,100,60,,,16
2/8/2026 18:15,0.3,353,0.5,0,1,0,2,0,5,0,10,0,,,100,60,,,16
2/8/2026 18:16,0.3,0,0.5,0,1,0,2,0,5,0,10,0,,,100,60,,,16
2/8/2026 18:17,0.3,0,0.5,0,1,0,2,0,5,0,10,0,,,100,60,,,16
2/8/2026 18:18,0.3,353,0.5,0,1,0,2,0,5,0,10,0,,,100,60,,,16
2/8/2026 18:19,0.3,353,0.5,0,1,0,2,0,5,0,10,0,,,100,60,,,16
2/8/2026 18:20,0.3,0,0.5,0,1,0,2,0,5,0,10,0,,,100,60,,,16
2/8/2026 18:21,0.3,0,0.5,0,1,0,2,0,5,0,10,0,,,100,60,,,16
2/8/2026 18:22,0.3,0,0.5,0,1,0,2,0,5,0,10,0,,,100,60,,,16
2/8/2026 18:23,0.3,0,0.5,0,1,0,2,0,5,0,10,0,,,100,60,,,16
2/8/2026 18:24,0.3,353,0.5,0,1,0,2,0,5,0,10,0,,,100,60,,,16
2/8/2026 18:25,0.3,353,0.5,0,1,0,2,0,5,0,10,0,,,100,60,,,16
2/8/2026 18:26,0.3,353,0.5,0,1,0,2,0,5,0,10,0,,,100,60,,,16
2/8/2026 18:27,0.3,0,0.5,0,1,0,2,0,5,0,10,0,,,100,60,,,16
2/8/2026 18:28,0.3,0,0.5,0,1,0,2,0,5,0,10,0,,,100,60,,,16
2/8/2026 18:29,0.3,0,0.5,0,1,0,2,0,5,0,10,0,,,100,60,,,16
