Time,Size1,Count1 (dM3),Size2,Count2 (dM3),Size3,Count3 (dM3),Size4,Count4 (dM3),Size5,Count5 (dM3),Size6,Count6 (dM3),AT (C),RH (%),Location,Seconds,A1Size,A2Size,Status
2/7/26 9:17,0.3,5416460,0.5,810667,1,58283,2,11656,5,0,10,0,,,100,60,,,0
2/7/26 9:18,0.3,6410102,0.5,821617,1,64641,2,8124,5,0,10,0,,,100,60,,,0
2/7/26 9:19,0.3,6700812,0.5,947015,1,70293,2,9890,5,0,10,0,,,100,60,,,0
2/7/26 9:20,0.3,7666548,0.5,1094312,1,84775,2,10243,5,0,10,0,,,100,60,,,0
2/7/26 9:21,0.3,7449311,0.5,1148004,1,251501,2,228894,5,11656,10,353,,,100,60,,,0
2/7/26 9:22,0.3,6598375,0.5,963617,1,92900,2,34263,5,0,10,0,,,100,60,,,0
2/7/26 9:23,0.3,6131049,0.5,966089,1,63935,2,6004,5,353,10,0,,,100,60,,,0
2/7/26 9:24,0.3,5483574,0.5,708936,1,40974,2,10243,5,0,10,0,,,100,60,,,0
2/7/26 9:25,0.3,4533733,0.5,638290,1,43447,2,7064,5,0,10,0,,,100,60,,,0
2/7/26 9:26,0.3,5865771,0.5,833274,1,63228,2,4238,5,0,10,0,,,100,60,,,0
2/7/26 9:27,0.3,5087954,0.5,677499,1,36736,2,7064,5,0,10,0,,,100,60,,,0
2/7/26 9:28,0.3,5698339,0.5,767220,1,57576,2,11303,5,0,10,0,,,100,60,,,0
2/7/26 9:29,0.3,3750264,0.5,489579,1,45566,2,10243,5,0,10,0,,,100,60,,,0
2/7/26 9:30,0.3,3134581,0.5,386789,1,26845,2,4945,5,0,10,0,,,100,60,,,0
2/7/26 9:31,0.3,6638643,0.5,1015542,1,70646,2,4945,5,0,10,0,,,100,60,,,0
2/7/26 9:32,0.3,5732956,0.5,876722,1,79830,2,9890,5,0,10,0,,,100,60,,,0
2/7/26 9:33,0.3,4259978,0.5,602613,1,40621,2,3179,5,0,10,0,,,100,60,,,0
2/7/26 9:34,0.3,4494878,0.5,648887,1,56163,2,9537,5,0,10,0,,,100,60,,,0
2/7/26 9:35,0.3,9824090,0.5,1588484,1,143058,2,40621,5,0,10,0,,,100,60,,,0
2/7/26 9:36,0.3,6459908,0.5,847756,1,53691,2,9537,5,0,10,0,,,100,60,,,0
2/7/26 9:37,0.3,4013422,0.5,527375,1,38149,2,7417,5,0,10,0,,,100,60,,,0
2/7/26 9:38,0.3,8171670,0.5,1226775,1,87248,2,13069,5,0,10,0,,,100,60,,,0
2/7/26 9:39,0.3,6752737,0.5,1062168,1,76651,2,8124,5,0,10,0,,,100,60,,,0
2/7/26 9:40,0.3,4008124,0.5,579653,1,47686,2,10950,5,0,10,0,,,100,60,,,0
2/7/26 9:41,0.3,3204521,0.5,478629,1,22960,2,4238,5,0,10,0,,,100,60,,,0
2/7/26 9:42,0.3,3150830,0.5,539738,1,38502,2,6358,5,0,10,0,,,100,60,,,0
2/7/26 9:43,0.3,3186506,0.5,391734,1,21193,2,4592,5,0,10,0,,,100,60,,,0
2/7/26 9:44,0.3,7416813,0.5,1174496,1,89720,2,9890,5,0,10,0,,,100,60,,,0
2/7/26 9:45,0.3,21988342,0.5,3787001,1,278700,2,37089,5,0,10,0,,,100,60,,,0
2/7/26 9:46,0.3,19399504,0.5,3084069,1,238431,2,40268,5,0,10,0,,,100,60,,,0
2/7/26 9:47,0.3,13062168,0.5,1867537,1,142705,2,23313,5,0,10,0,,,100,60,,,0
2/7/26 9:48,0.3,10012010,0.5,1263864,1,79477,2,11303,5,0,10,0,,,100,60,,,0
2/7/26 9:49,0.3,9410455,0.5,1110914,1,67820,2,8124,5,0,10,0,,,100,60,,,0
2/7/26 9:50,0.3,8962204,0.5,1120805,1,71352,2,16248,5,0,10,0,,,100,60,,,0
2/7/26 9:51,0.3,9727305,0.5,1429176,1,117979,2,27552,5,0,10,0,,,100,60,,,0
2/7/26 9:52,0.3,11304486,0.5,1664782,1,147297,2,32144,5,0,10,0,,,100,60,,,0
2/7/26 9:53,0.3,13973154,0.5,2076298,1,184033,2,60049,5,353,10,0,,,100,60,,,0
2/7/26 9:54,0.3,11728011,0.5,1601201,1,133168,2,29671,5,0,10,0,,,100,60,,,0
2/7/26 9:55,0.3,9249028,0.5,1262098,1,115860,2,18014,5,0,10,0,,,100,60,,,0
2/7/26 9:56,0.3,10901801,0.5,1595196,1,161073,2,40268,5,353,10,0,,,100,60,,,0
2/7/26 9:57,0.3,8343341,0.5,1244083,1,160720,2,70646,5,0,10,0,,,100,60,,,0
2/7/26 9:58,0.3,6298834,0.5,869657,1,85835,2,24019,5,0,10,0,,,100,60,,,0
2/7/26 9:59,0.3,7935005,0.5,1234192,1,106676,2,24373,5,0,10,0,,,100,60,,,0
2/7/26 10:00,0.3,7409042,0.5,1004238,1,79830,2,17308,5,0,10,0,,,100,60,,,0
2/7/26 10:01,0.3,8949841,0.5,1298481,1,132108,2,28965,5,706,10,353,,,100,60,,,0
2/7/26 10:02,0.3,6403744,0.5,724832,1,67114,2,12009,5,0,10,0,,,100,60,,,0
2/7/26 10:03,0.3,5797244,0.5,659484,1,58283,2,9890,5,0,10,0,,,100,60,,,0
2/7/26 10:04,0.3,4830095,0.5,649240,1,79123,2,33203,5,0,10,0,,,100,60,,,0
2/7/26 10:05,0.3,7442953,0.5,1046979,1,110561,2,23666,5,0,10,0,,,100,60,,,0
2/7/26 10:06,0.3,6826916,0.5,910985,1,95372,2,12363,5,0,10,0,,,100,60,,,0
2/7/26 10:07,0.3,4199576,0.5,505828,1,48039,2,7064,5,0,10,0,,,100,60,,,0
2/7/26 10:08,0.3,2960791,0.5,475450,1,59342,2,13069,5,0,10,0,,,100,60,,,0
2/7/26 10:09,0.3,2450724,0.5,358177,1,32497,2,2825,5,0,10,0,,,100,60,,,0
2/7/26 10:10,0.3,2457788,0.5,434122,1,51925,2,8124,5,0,10,0,,,100,60,,,0
2/7/26 10:11,0.3,2189332,0.5,359237,1,35323,2,17661,5,0,10,0,,,100,60,,,0
2/7/26 10:12,0.3,1812080,0.5,315789,1,39208,2,9537,5,0,10,0,,,100,60,,,0
2/7/26 10:13,0.3,2007064,0.5,285058,1,31790,2,6358,5,0,10,0,,,100,60,,,0
2/7/26 10:14,0.3,1192864,0.5,245496,1,33910,2,12363,5,0,10,0,,,100,60,,,0
2/7/26 10:15,0.3,1149770,0.5,175909,1,22253,2,3885,5,0,10,0,,,100,60,,,0
2/7/26 10:16,0.3,995761,0.5,159307,1,15188,2,4592,5,0,10,0,,,100,60,,,0
2/7/26 10:17,0.3,825503,0.5,209466,1,30377,2,7771,5,0,10,0,,,100,60,,,0
2/7/26 10:18,0.3,586012,0.5,170964,1,27552,2,11303,5,0,10,0,,,100,60,,,0
2/7/26 10:19,0.3,444012,0.5,132462,1,23666,2,6004,5,0,10,0,,,100,60,,,0
2/7/26 10:20,0.3,251501,0.5,81596,1,19780,2,2472,5,0,10,0,,,100,60,,,0
2/7/26 10:21,0.3,253267,0.5,87954,1,16601,2,3885,5,0,10,0,,,100,60,,,0
2/7/26 10:22,0.3,190392,0.5,37795,1,7771,2,3179,5,0,10,0,,,100,60,,,0
2/7/26 10:23,0.3,38149,0.5,5651,1,2119,2,353,5,0,10,0,,,100,60,,,0
2/7/26 10:24,0.3,15188,0.5,353,1,0,2,0,5,0,10,0,,,100,60,,,0
2/7/26 10:25,0.3,706,0.5,0,1,0,2,0,5,0,10,0,,,100,60,,,0
2/7/26 10:26,0.3,3532,0.5,0,1,0,2,0,5,0,10,0,,,100,60,,,0
2/7/26 10:27,0.3,706,0.5,0,1,0,2,0,5,0,10,0,,,100,60,,,0
2/7/26 10:28,0.3,1059,0.5,0,1,0,2,0,5,0,10,0,,,100,60,,,0
2/7/26 10:29,0.3,353,0.5,0,1,0,2,0,5,0,10,0,,,100,60,,,0
2/7/26 10:30,0.3,1059,0.5,706,1,0,2,0,5,0,10,0,,,100,60,,,0
2/7/26 10:31,0.3,1412,0.5,0,1,0,2,0,5,0,10,0,,,100,60,,,0
2/7/26 10:32,0.3,353,0.5,0,1,0,2,0,5,0,10,0,,,100,60,,,0
2/7/26 10:33,0.3,706,0.5,0,1,0,2,0,5,0,10,0,,,100,60,,,0
2/7/26 10:34,0.3,1412,0.5,0,1,0,2,0,5,0,10,0,,,100,60,,,0
2/7/26 10:35,0.3,1059,0.5,0,1,0,2,0,5,0,10,0,,,100,60,,,0
2/7/26 10:36,0.3,1059,0.5,0,1,0,2,0,5,0,10,0,,,100,60,,,0
2/7/26 10:37,0.3,1412,0.5,0,1,0,2,0,5,0,10,0,,,100,60,,,0
2/7/26 10:38,0.3,2825,0.5,353,1,0,2,0,5,0,10,0,,,100,60,,,0
2/7/26 10:39,0.3,353,0.5,0,1,0,2,0,5,0,10,0,,,100,60,,,0
2/7/26 10:40,0.3,1412,0.5,0,1,0,2,0,5,0,10,0,,,100,60,,,0
2/7/26 10:41,0.3,1059,0.5,0,1,0,2,0,5,0,10,0,,,100,60,,,0
2/7/26 10:42,0.3,1059,0.5,0,1,0,2,0,5,0,10,0,,,100,60,,,0
2/7/26 10:43,0.3,706,0.5,0,1,0,2,0,5,0,10,0,,,100,60,,,0
2/7/26 10:44,0.3,1412,0.5,0,1,0,2,0,5,0,10,0,,,100,60,,,0
2/7/26 10:45,0.3,1059,0.5,0,1,0,2,0,5,0,10,0,,,100,60,,,0
2/7/26 10:46,0.3,1766,0.5,0,1,0,2,0,5,0,10,0,,,100,60,,,0
2/7/26 10:47,0.3,2119,0.5,0,1,0,2,0,5,0,10,0,,,100,60,,,0
2/7/26 10:48,0.3,2825,0.5,0,1,0,2,0,5,0,10,0,,,100,60,,,0
2/7/26 10:49,0.3,706,0.5,0,1,0,2,0,5,0,10,0,,,100,60,,,0
2/7/26 10:50,0.3,2119,0.5,0,1,0,2,0,5,0,10,0,,,100,60,,,0
2/7/26 10:51,0.3,1412,0.5,0,1,0,2,0,5,0,10,0,,,100,60,,,0
2/7/26 10:52,0.3,1412,0.5,0,1,0,2,0,5,0,10,0,,,100,60,,,0
2/7/26 10:53,0.3,2472,0.5,0,1,0,2,0,5,0,10,0,,,100,60,,,0
2/7/26 10:54,0.3,706,0.5,353,1,0,2,0,5,0,10,0,,,100,60,,,0
2/7/26 10:55,0.3,1766,0.5,0,1,0,2,0,5,0,10,0,,,100,60,,,0
2/7/26 10:56,0.3,1059,0.5,0,1,0,2,0,5,0,10,0,,,100,60,,,0
2/7/26 10:57,0.3,1059,0.5,0,1,0,2,0,5,0,10,0,,,100,60,,,0
2/7/26 10:58,0.3,1412,0.5,0,1,353,2,0,5,0,10,0,,,100,60,,,0
2/7/26 10:59,0.3,0,0.5,0,1,0,2,0,5,0,10,0,,,100,60,,,0
2/7/26 11:00,0.3,1059,0.5,0,1,0,2,0,5,0,10,0,,,100,60,,,0
2/7/26 11:01,0.3,319675,0.5,30377,1,1766,2,2119,5,353,10,706,,,100,60,,,0
2/7/26 11:02,0.3,246555,0.5,16601,1,353,2,0,5,0,10,0,,,100,60,,,0
2/7/26 11:03,0.3,2472,0.5,0,1,0,2,0,5,0,10,0,,,100,60,,,0
2/7/26 11:04,0.3,1412,0.5,353,1,0,2,0,5,0,10,0,,,100,60,,,0
2/7/26 11:05,0.3,3532,0.5,0,1,0,2,0,5,0,10,0,,,100,60,,,0
2/7/26 11:06,0.3,323913,0.5,58283,1,4945,2,0,5,0,10,0,,,100,60,,,0
2/7/26 11:07,0.3,1193217,0.5,206640,1,40974,2,23313,5,353,10,353,,,100,60,,,0
2/7/26 11:08,0.3,1941010,0.5,211232,1,33910,2,25432,5,2472,10,0,,,100,60,,,0
2/7/26 11:09,0.3,3980572,0.5,477922,1,91840,2,66760,5,2119,10,0,,,100,60,,,0
2/7/26 11:10,0.3,5196397,0.5,726245,1,169904,2,190392,5,15188,10,706,,,100,60,,,0
2/7/26 11:11,0.3,7421405,0.5,1022606,1,162839,2,77711,5,2119,10,706,,,100,60,,,0
2/7/26 11:12,0.3,10550335,0.5,1589544,1,292122,2,190392,5,1766,10,706,,,100,60,,,0
2/7/26 11:13,0.3,12164253,0.5,1779583,1,399505,2,305192,5,5651,10,4238,,,100,60,,,0
2/7/26 11:14,0.3,9864712,0.5,1256093,1,242317,2,155068,5,1412,10,353,,,100,60,,,0
2/7/26 11:15,0.3,3475803,0.5,425291,1,100317,2,91487,5,7771,10,1766,,,100,60,,,0
2/7/26 11:16,0.3,503708,0.5,118332,1,49805,2,62168,5,2119,10,353,,,100,60,,,0
2/7/26 11:17,0.3,37089,0.5,12363,1,8124,2,12009,5,706,10,1412,,,100,60,,,0
2/7/26 11:18,0.3,14129,0.5,2472,1,3179,2,7064,5,1059,10,706,,,100,60,,,0
2/7/26 11:19,0.3,15188,0.5,13776,1,4592,2,6711,5,353,10,0,,,100,60,,,0
2/7/26 11:20,0.3,706,0.5,706,1,1059,2,1766,5,353,10,0,,,100,60,,,0
2/7/26 11:21,0.3,0,0.5,0,1,0,2,0,5,0,10,0,,,100,60,,,0
2/7/26 11:22,0.3,0,0.5,0,1,0,2,0,5,0,10,0,,,100,60,,,0
2/7/26 11:23,0.3,2119,0.5,706,1,0,2,1412,5,706,10,0,,,100,60,,,0
2/7/26 11:24,0.3,14881314,0.5,2350406,1,281879,2,192864,5,20134,10,10950,,,100,60,,,0
2/7/26 11:25,0.3,50853760,0.5,6995408,1,692334,2,210879,5,1766,10,353,,,100,60,,,0
2/7/26 11:26,0.3,22872130,0.5,3066054,1,302719,2,82303,5,353,10,0,,,100,60,,,0
2/7/26 11:27,0.3,12996820,0.5,1635111,1,126103,2,32497,5,0,10,0,,,100,60,,,0
2/7/26 11:28,0.3,9694101,0.5,1197456,1,112327,2,21547,5,0,10,0,,,100,60,,,0
2/7/26 11:29,0.3,8253267,0.5,1014482,1,72412,2,9537,5,0,10,0,,,100,60,,,0
2/7/26 11:30,0.3,8054044,0.5,869304,1,67114,2,10950,5,0,10,0,,,100,60,,,0
2/7/26 11:31,0.3,7735429,0.5,815259,1,66407,2,10950,5,0,10,0,,,100,60,,,0
2/7/26 11:32,0.3,10180501,0.5,1285058,1,110914,2,15542,5,0,10,0,,,100,60,,,0
2/7/26 11:33,0.3,9321441,0.5,1103497,1,83009,2,10596,5,0,10,0,,,100,60,,,0
2/7/26 11:34,0.3,8258565,0.5,925468,1,69586,2,5298,5,0,10,0,,,100,60,,,0
2/7/26 11:35,0.3,8075944,0.5,945602,1,68880,2,10596,5,0,10,0,,,100,60,,,0
2/7/26 11:36,0.3,7522077,0.5,923701,1,71706,2,14482,5,0,10,0,,,100,60,,,0
2/7/26 11:37,0.3,7281879,0.5,919816,1,60049,2,6711,5,0,10,0,,,100,60,,,0
2/7/26 11:38,0.3,7838572,0.5,889438,1,64288,2,9537,5,0,10,0,,,100,60,,,0
2/7/26 11:39,0.3,6989403,0.5,781349,1,54397,2,10950,5,0,10,0,,,100,60,,,0
2/7/26 11:40,0.3,5635111,0.5,573648,1,42387,2,11656,5,0,10,0,,,100,60,,,0
2/7/26 11:41,0.3,5306252,0.5,655245,1,52984,2,7771,5,0,10,0,,,100,60,,,0
2/7/26 11:42,0.3,6063581,0.5,798657,1,88661,2,20487,5,0,10,0,,,100,60,,,0
2/7/26 11:43,0.3,7494171,0.5,828682,1,60755,2,6004,5,0,10,0,,,100,60,,,0
2/7/26 11:44,0.3,6171670,0.5,705404,1,59696,2,10950,5,0,10,0,,,100,60,,,0
2/7/26 11:45,0.3,5450017,0.5,557400,1,43800,2,8830,5,0,10,0,,,100,60,,,0
2/7/26 11:46,0.3,5517838,0.5,622394,1,51218,2,5298,5,0,10,0,,,100,60,,,0
2/7/26 11:47,0.3,5469445,0.5,708936,1,54397,2,5298,5,0,10,0,,,100,60,,,0
2/7/26 11:48,0.3,6953726,0.5,855881,1,66760,2,11303,5,0,10,0,,,100,60,,,0
2/7/26 11:49,0.3,9473331,0.5,1129282,1,100317,2,13776,5,0,10,0,,,100,60,,,0
2/7/26 11:50,0.3,9482868,0.5,1185800,1,103143,2,25785,5,0,10,0,,,100,60,,,0
2/7/26 11:51,0.3,11539738,0.5,1695160,1,359237,2,374072,5,15542,10,3532,,,100,60,,,0
2/7/26 11:52,0.3,8149417,0.5,1229600,1,198163,2,126457,5,2472,10,0,,,100,60,,,0
2/7/26 11:53,0.3,5960438,0.5,777463,1,72059,2,12716,5,0,10,0,,,100,60,,,0
2/7/26 11:54,0.3,5580713,0.5,746732,1,74178,2,10596,5,0,10,0,,,100,60,,,0
2/7/26 11:55,0.3,6098551,0.5,816319,1,77357,2,14482,5,0,10,353,,,100,60,,,0
2/7/26 11:56,0.3,5163193,0.5,621688,1,73825,2,39208,5,1412,10,1766,,,100,60,,,0
2/7/26 11:57,0.3,6209819,0.5,837866,1,91487,2,31790,5,0,10,1766,,,100,60,,,0
2/7/26 11:58,0.3,4660897,0.5,433768,1,31084,2,5651,5,0,10,0,,,100,60,,,0
2/7/26 11:59,0.3,6649593,0.5,832921,1,80183,2,28258,5,706,10,706,,,100,60,,,0
2/7/26 12:00,0.3,5480748,0.5,691628,1,54750,2,25432,5,1766,10,1059,,,100,60,,,0
2/7/26 12:01,0.3,5144118,0.5,632285,1,50512,2,10950,5,0,10,0,,,100,60,,,0
2/7/26 12:02,0.3,5394560,0.5,650300,1,43447,2,8477,5,0,10,0,,,100,60,,,0
2/7/26 12:03,0.3,3918403,0.5,521370,1,49099,2,23313,5,0,10,0,,,100,60,,,0
2/7/26 12:04,0.3,3967502,0.5,505828,1,49099,2,10950,5,0,10,0,,,100,60,,,0
2/7/26 12:05,0.3,9349346,0.5,1202402,1,105616,2,12009,5,0,10,0,,,100,60,,,0
2/7/26 12:06,0.3,4771105,0.5,673260,1,71352,2,19780,5,706,10,0,,,100,60,,,0
2/7/26 12:07,0.3,3901095,0.5,473684,1,37795,2,9890,5,353,10,0,,,100,60,,,0
2/7/26 12:08,0.3,4538325,0.5,558106,1,46626,2,20840,5,1412,10,0,,,100,60,,,0
2/7/26 12:09,0.3,3846344,0.5,521723,1,50512,2,8477,5,0,10,0,,,100,60,,,0
2/7/26 12:10,0.3,4619922,0.5,466266,1,44154,2,23313,5,2472,10,1059,,,100,60,,,0
2/7/26 12:11,0.3,5245849,0.5,577181,1,44154,2,13776,5,353,10,0,,,100,60,,,0
2/7/26 12:12,0.3,4354291,0.5,485340,1,30731,2,16248,5,0,10,0,,,100,60,,,0
2/7/26 12:13,0.3,32215824,0.5,5140939,1,456375,2,81596,5,0,10,0,,,100,60,,,0
2/7/26 12:14,0.3,15023666,0.5,2075591,1,169551,2,24019,5,0,10,0,,,100,60,,,0
2/7/26 12:15,0.3,6687036,0.5,935711,1,75591,2,13422,5,0,10,0,,,100,60,,,0
2/7/26 12:16,0.3,4927587,0.5,565524,1,48392,2,19427,5,0,10,0,,,100,60,,,0
2/7/26 12:17,0.3,4528435,0.5,586365,1,65347,2,27905,5,706,10,0,,,100,60,,,0
2/7/26 12:18,0.3,4143412,0.5,482161,1,42034,2,2825,5,0,10,0,,,100,60,,,0
2/7/26 12:19,0.3,4128576,0.5,608972,1,54044,2,5651,5,0,10,0,,,100,60,,,0
2/7/26 12:20,0.3,4107735,0.5,552808,1,40268,2,7064,5,0,10,0,,,100,60,,,0
2/7/26 12:21,0.3,4010596,0.5,572235,1,48746,2,22960,5,706,10,706,,,100,60,,,0
2/7/26 12:22,0.3,4280466,0.5,664782,1,65701,2,41681,5,353,10,0,,,100,60,,,0
2/7/26 12:23,0.3,4639703,0.5,591310,1,48746,2,20134,5,0,10,0,,,100,60,,,0
2/7/26 12:24,0.3,5159660,0.5,780289,1,75238,2,9890,5,0,10,0,,,100,60,,,0
2/7/26 12:25,0.3,6441186,0.5,838572,1,87601,2,15542,5,0,10,0,,,100,60,,,0
2/7/26 12:26,0.3,5854821,0.5,749558,1,63228,2,10596,5,0,10,0,,,100,60,,,0
2/7/26 12:27,0.3,4795125,0.5,625927,1,56870,2,18721,5,706,10,0,,,100,60,,,0
2/7/26 12:28,0.3,4611444,0.5,546803,1,29671,2,1766,5,0,10,0,,,100,60,,,0
2/7/26 12:29,0.3,4523843,0.5,604733,1,32850,2,4238,5,0,10,0,,,100,60,,,0
2/7/26 12:30,0.3,5756269,0.5,818438,1,73119,2,25785,5,706,10,2472,,,100,60,,,0
2/7/26 12:31,0.3,4788767,0.5,664429,1,50512,2,8477,5,0,10,0,,,100,60,,,0
2/7/26 12:32,0.3,5228188,0.5,746379,1,65701,2,17308,5,0,10,0,,,100,60,,,0
2/7/26 12:33,0.3,7377605,0.5,1226775,1,119039,2,28258,5,0,10,0,,,100,60,,,0
2/7/26 12:34,0.3,4773931,0.5,758742,1,78770,2,11656,5,0,10,0,,,100,60,,,0
2/7/26 12:35,0.3,6007771,0.5,940657,1,96432,2,57223,5,6004,10,2119,,,100,60,,,0
2/7/26 12:36,0.3,15334157,0.5,2392794,1,269516,2,138466,5,8477,10,1059,,,100,60,,,0
 ,,,,,,,,,,,,,,,,,,,