Time,Size1,Count1 (dM3),Size2,Count2 (dM3),Size3,Count3 (dM3),Size4,Count4 (dM3),Size5,Count5 (dM3),Size6,Count6 (dM3),AT (C),RH (%),Location,Seconds,A1Size,A2Size,Status,
2026-07-11 15:00:16,0.3,8635111,0.5,1087601,1,577181,2,1215118,5,339102,10,159660,,,100,60,,,0,
2026-07-11 15:01:16,0.3,8304132,0.5,695160,1,232779,2,263157,5,36382,10,13422,,,100,60,,,0,
2026-07-11 15:02:16,0.3,8429530,0.5,655245,1,219003,2,226068,5,24019,10,6004,,,100,60,,,0,
2026-07-11 15:03:16,0.3,8751678,0.5,700105,1,225362,2,219003,5,20840,10,6711,,,100,60,,,0,
2026-07-11 15:04:16,0.3,8976333,0.5,677499,1,230307,2,250088,5,29318,10,20487,,,100,60,,,0,
2026-07-11 15:05:16,0.3,11291416,0.5,830801,1,238784,2,242670,5,27198,10,10950,,,100,60,,,0,
2026-07-11 15:06:16,0.3,13368421,0.5,1001412,1,259272,2,287884,5,29318,10,15188,,,100,60,,,0,
2026-07-11 15:07:16,0.3,9553868,0.5,803249,1,324620,2,418933,5,77004,10,71706,,,100,60,,,0,
2026-07-11 15:08:16,0.3,9416107,0.5,812080,1,298481,2,381843,5,44507,10,33203,,,100,60,,,0,
2026-07-11 15:09:16,0.3,9844931,0.5,974920,1,388202,2,495231,5,83716,10,60049,,,100,60,,,0,
2026-07-11 15:10:16,0.3,9298128,0.5,713528,1,229247,2,255033,5,35676,10,15188,,,100,60,,,0,
2026-07-11 15:11:16,0.3,9168138,0.5,688802,1,209466,2,240197,5,23313,10,9537,,,100,60,,,0,
2026-07-11 15:12:16,0.3,9161427,0.5,670787,1,193217,2,214411,5,24373,10,9890,,,100,60,,,0,
2026-07-11 15:13:16,0.3,8944542,0.5,659837,1,205934,2,237725,5,33910,10,13776,,,100,60,,,0,
2026-07-11 15:14:16,0.3,9119392,0.5,719886,1,229600,2,324620,5,57223,10,32144,,,100,60,,,0,
2026-07-11 15:15:16,0.3,9156835,0.5,718827,1,220770,2,227481,5,27905,10,6004,,,100,60,,,0,
2026-07-11 15:16:16,0.3,9256799,0.5,704344,1,223595,2,245496,5,29318,10,6004,,,100,60,,,0,
2026-07-11 15:17:16,0.3,8882727,0.5,714235,1,202755,2,232073,5,22960,10,4592,,,100,60,,,0,
2026-07-11 15:18:16,0.3,9188626,0.5,1297774,1,877428,2,2447545,5,963263,10,862945,,,100,60,,,0,
2026-07-11 15:19:16,0.3,8843518,0.5,662663,1,193217,2,209113,5,19780,10,3885,,,100,60,,,0,
2026-07-11 15:20:16,0.3,8904274,0.5,652066,1,175909,2,177322,5,18014,10,4945,,,100,60,,,0,
2026-07-11 15:21:16,0.3,8804309,0.5,664782,1,195690,2,204521,5,17661,10,3532,,,100,60,,,0,
2026-07-11 15:22:16,0.3,9019074,0.5,623101,1,156481,2,156128,5,10950,10,2119,,,100,60,,,0,
2026-07-11 15:23:16,0.3,8864712,0.5,664429,1,166019,2,181914,5,14482,10,2825,,,100,60,,,0,
2026-07-11 15:24:16,0.3,8871070,0.5,714235,1,202401,2,222182,5,21547,10,3179,,,100,60,,,0,
2026-07-11 15:25:16,0.3,9095372,0.5,785234,1,226774,2,216178,5,21900,10,6004,,,100,60,,,0,
2026-07-11 15:26:16,0.3,8790533,0.5,671494,1,187213,2,170964,5,12716,10,3179,,,100,60,,,0,
2026-07-11 15:27:16,0.3,8995054,0.5,708936,1,216178,2,247262,5,31790,10,4945,,,100,60,,,0,
2026-07-11 15:28:16,0.3,8983398,0.5,700459,1,206993,2,190038,5,15542,10,4238,,,100,60,,,0,
2026-07-11 15:29:16,0.3,8841752,0.5,661956,1,184740,2,203108,5,19074,10,5298,,,100,60,,,0,
2026-07-11 15:30:16,0.3,8868244,0.5,682091,1,204874,2,203461,5,21900,10,4592,,,100,60,,,0,
2026-07-11 15:31:16,0.3,9058283,0.5,761568,1,214765,2,217590,5,23666,10,6358,,,100,60,,,0,
2026-07-11 15:32:16,0.3,8996467,0.5,764394,1,222536,2,236665,5,22606,10,4945,,,100,60,,,0,
2026-07-11 15:33:16,0.3,8943129,0.5,676792,1,209113,2,203461,5,25785,10,6358,,,100,60,,,0,
2026-07-11 15:34:16,0.3,14978099,0.5,8472977,1,4531967,2,5729777,5,582479,10,146591,,,100,60,,,0,
2026-07-11 15:35:16,0.3,10072059,0.5,2061815,1,939244,2,1144471,5,111268,10,23666,,,100,60,,,0,
2026-07-11 15:36:16,0.3,8916284,0.5,719886,1,224302,2,228187,5,25079,10,7771,,,100,60,,,0,
2026-07-11 15:37:16,0.3,8815259,0.5,670787,1,203461,2,207700,5,21193,10,7771,,,100,60,,,0,
2026-07-11 15:38:16,0.3,8955139,0.5,674320,1,183680,2,195337,5,16601,10,4592,,,100,60,,,0,
2026-07-11 15:39:16,0.3,9405863,0.5,690921,1,182974,2,187566,5,21900,10,6711,,,100,60,,,0,
2026-07-11 15:40:16,0.3,10760155,0.5,3171670,1,1737548,2,2265277,5,222182,10,40621,,,100,60,,,0,
2026-07-11 15:41:16,0.3,21092192,0.5,18077004,1,10768986,2,13837160,5,1184740,10,205934,,,100,60,,,0,
2026-07-11 15:42:16,0.3,9375485,0.5,935711,1,317202,2,356764,5,31790,10,6711,,,100,60,,,0,
2026-07-11 15:43:16,0.3,9093959,0.5,770045,1,220770,2,271282,5,27905,10,9890,,,100,60,,,0,
2026-07-11 15:44:16,0.3,9072412,0.5,760155,1,210526,2,252914,5,25079,10,8124,,,100,60,,,0,
2026-07-11 15:45:16,0.3,9110208,0.5,795831,1,294595,2,445425,5,57576,10,15542,,,100,60,,,0,
2026-07-11 15:46:16,0.3,9012363,0.5,725891,1,254327,2,330625,5,49099,10,17661,,,100,60,,,0,
2026-07-11 15:47:16,0.3,8607206,0.5,633698,1,152949,2,129636,5,17308,10,15542,,,100,60,,,0,
2026-07-11 15:48:16,0.3,6376545,0.5,538678,1,135994,2,126103,5,9537,10,1412,,,100,60,,,0,
2026-07-11 15:49:16,0.3,5852349,0.5,474037,1,110914,2,88308,5,5651,10,2472,,,100,60,,,0,
2026-07-11 15:50:16,0.3,4616390,0.5,350759,1,66407,2,69233,5,4592,10,353,,,100,60,,,0,
2026-07-11 15:51:16,0.3,3412928,0.5,254680,1,43800,2,42741,5,1766,10,706,,,100,60,,,0,
2026-07-11 15:52:16,0.3,1107382,0.5,125397,1,22253,2,16248,5,1412,10,2119,,,100,60,,,0,
2026-07-11 15:53:16,0.3,499470,0.5,78064,1,12716,2,4945,5,0,10,706,,,100,60,,,0,
2026-07-11 15:54:16,0.3,392794,0.5,62522,1,9184,2,3532,5,0,10,0,,,100,60,,,0,
2026-07-11 15:55:16,0.3,210526,0.5,48392,1,6004,2,1412,5,0,10,0,,,100,60,,,0,
2026-07-11 15:56:16,0.3,148710,0.5,34969,1,3179,2,0,5,0,10,0,,,100,60,,,0,
2026-07-11 15:57:16,0.3,105263,0.5,31084,1,2825,2,0,5,0,10,0,,,100,60,,,0,
2026-07-11 15:58:16,0.3,142352,0.5,34969,1,5651,2,1412,5,0,10,0,,,100,60,,,0,
2026-07-11 15:59:16,0.3,135994,0.5,30377,1,3532,2,706,5,0,10,0,,,100,60,,,0,
2026-07-11 16:00:16,0.3,112681,0.5,27198,1,2472,2,1766,5,0,10,0,,,100,60,,,0,
2026-07-11 16:01:16,0.3,122924,0.5,30731,1,3532,2,353,5,353,10,0,,,100,60,,,0,
2026-07-11 16:02:16,0.3,141999,0.5,26845,1,4945,2,353,5,0,10,0,,,100,60,,,0,
2026-07-11 16:03:16,0.3,228894,0.5,49099,1,6004,2,2119,5,0,10,0,,,100,60,,,0,
2026-07-11 16:04:16,0.3,243023,0.5,46626,1,4945,2,1059,5,0,10,0,,,100,60,,,0,
2026-07-11 16:05:16,0.3,222536,0.5,44154,1,2472,2,706,5,0,10,0,,,100,60,,,0,
2026-07-11 16:06:16,0.3,107735,0.5,28258,1,5298,2,0,5,0,10,0,,,100,60,,,0,
2026-07-11 16:07:16,0.3,81596,0.5,35323,1,3179,2,0,5,0,10,0,,,100,60,,,0,
2026-07-11 16:08:16,0.3,232073,0.5,45920,1,6711,2,353,5,0,10,0,,,100,60,,,0,
2026-07-11 16:09:16,0.3,358177,0.5,52631,1,7771,2,3179,5,0,10,0,,,100,60,,,0,
2026-07-11 16:10:16,0.3,245849,0.5,43447,1,9184,2,706,5,0,10,0,,,100,60,,,0,
2026-07-11 16:11:16,0.3,170964,0.5,34263,1,2825,2,1766,5,0,10,0,,,100,60,,,0,
2026-07-11 16:12:16,0.3,190038,0.5,34616,1,4945,2,1412,5,0,10,0,,,100,60,,,0,
2026-07-11 16:13:16,0.3,116919,0.5,22253,1,2825,2,0,5,0,10,0,,,100,60,,,0,
2026-07-11 16:14:16,0.3,154362,0.5,35676,1,4592,2,706,5,0,10,0,,,100,60,,,0,
2026-07-11 16:15:16,0.3,67467,0.5,22960,1,1059,2,0,5,0,10,0,,,100,60,,,0,
2026-07-11 16:16:16,0.3,66054,0.5,16955,1,1766,2,0,5,0,10,0,,,100,60,,,0,
2026-07-11 16:17:16,0.3,72059,0.5,21900,1,706,2,353,5,0,10,0,,,100,60,,,0,
2026-07-11 16:18:16,0.3,387848,0.5,53338,1,5651,2,0,5,0,10,0,,,100,60,,,0,
2026-07-11 16:19:16,0.3,146238,0.5,24726,1,1059,2,353,5,0,10,353,,,100,60,,,0,
2026-07-11 16:20:16,0.3,809254,0.5,91487,1,7417,2,706,5,0,10,0,,,100,60,,,0,
2026-07-11 16:21:16,0.3,115860,0.5,29318,1,1059,2,1059,5,0,10,0,,,100,60,,,0,
2026-07-11 16:22:16,0.3,143765,0.5,34969,1,1412,2,0,5,0,10,0,,,100,60,,,0,
2026-07-11 16:23:16,0.3,156835,0.5,35676,1,1766,2,0,5,0,10,0,,,100,60,,,0,
2026-07-11 16:24:16,0.3,175203,0.5,45213,1,1766,2,353,5,0,10,0,,,100,60,,,0,
2026-07-11 16:25:16,0.3,232779,0.5,55104,1,1766,2,0,5,0,10,0,,,100,60,,,0,
2026-07-11 16:26:16,0.3,283292,0.5,75238,1,706,2,0,5,0,10,0,,,100,60,,,0,
2026-07-11 16:27:16,0.3,326033,0.5,96079,1,1059,2,0,5,0,10,0,,,100,60,,,0,
2026-07-11 16:28:16,0.3,364535,0.5,94666,1,353,2,0,5,0,10,0,,,100,60,,,0,
2026-07-11 16:29:16,0.3,366301,0.5,95372,1,353,2,0,5,0,10,0,,,100,60,,,0,
2026-07-11 16:30:16,0.3,325326,0.5,87248,1,706,2,0,5,0,10,0,,,100,60,,,0,
2026-07-11 16:31:16,0.3,407629,0.5,102790,1,1059,2,0,5,0,10,0,,,100,60,,,0,
2026-07-11 16:32:16,0.3,457082,0.5,115860,1,353,2,0,5,353,10,0,,,100,60,,,0,
2026-07-11 16:33:16,0.3,547509,0.5,118685,1,0,2,0,5,0,10,0,,,100,60,,,0,
2026-07-11 16:34:16,0.3,581066,0.5,109855,1,353,2,0,5,0,10,0,,,100,60,,,0,
2026-07-11 16:35:16,0.3,604380,0.5,113387,1,353,2,0,5,0,10,0,,,100,60,,,0,
2026-07-11 16:36:16,0.3,571529,0.5,97138,1,0,2,0,5,0,10,0,,,100,60,,,0,
2026-07-11 16:37:16,0.3,574708,0.5,90780,1,0,2,0,5,0,10,0,,,100,60,,,0,
2026-07-11 16:38:16,0.3,552808,0.5,84422,1,706,2,706,5,353,10,0,,,100,60,,,0,
2026-07-11 16:39:16,0.3,494524,0.5,82303,1,353,2,0,5,0,10,0,,,100,60,,,0,
2026-07-11 16:40:16,0.3,484281,0.5,78064,1,706,2,0,5,0,10,0,,,100,60,,,0,
2026-07-11 16:41:16,0.3,465913,0.5,50158,1,0,2,0,5,0,10,0,,,100,60,,,0,
2026-07-11 16:42:16,0.3,401624,0.5,37442,1,0,2,0,5,0,10,0,,,100,60,,,0,
2026-07-11 16:43:16,0.3,358530,0.5,49452,1,0,2,0,5,0,10,0,,,100,60,,,0,
2026-07-11 16:44:16,0.3,457435,0.5,119392,1,353,2,0,5,0,10,0,,,100,60,,,0,
2026-07-11 16:45:16,0.3,373013,0.5,48392,1,0,2,0,5,0,10,0,,,100,60,,,0,
2026-07-11 16:46:16,0.3,301660,0.5,40268,1,0,2,0,5,0,10,0,,,100,60,,,0,
2026-07-11 16:47:16,0.3,255033,0.5,21900,1,0,2,0,5,0,10,0,,,100,60,,,0,
2026-07-11 16:48:16,0.3,229954,0.5,16248,1,353,2,0,5,0,10,0,,,100,60,,,0,
2026-07-11 16:49:16,0.3,145531,0.5,8830,1,0,2,0,5,0,10,0,,,100,60,,,0,
2026-07-11 16:50:16,0.3,93253,0.5,2472,1,0,2,0,5,0,10,0,,,100,60,,,0,
2026-07-11 16:51:16,0.3,71706,0.5,3885,1,0,2,0,5,0,10,0,,,100,60,,,0,
2026-07-11 16:52:16,0.3,56870,0.5,1059,1,0,2,0,5,0,10,0,,,100,60,,,0,
2026-07-11 16:53:16,0.3,35676,0.5,1059,1,0,2,0,5,0,10,0,,,100,60,,,0,
2026-07-11 16:54:16,0.3,23666,0.5,353,1,0,2,0,5,0,10,0,,,100,60,,,0,
2026-07-11 16:55:16,0.3,22253,0.5,353,1,0,2,0,5,0,10,0,,,100,60,,,0,
2026-07-11 16:56:16,0.3,32497,0.5,353,1,0,2,0,5,0,10,0,,,100,60,,,0,
2026-07-11 16:57:16,0.3,23666,0.5,0,1,0,2,0,5,0,10,0,,,100,60,,,0,
2026-07-11 16:58:16,0.3,11656,0.5,0,1,0,2,0,5,0,10,0,,,100,60,,,0,
2026-07-11 16:59:16,0.3,10596,0.5,0,1,0,2,0,5,0,10,0,,,100,60,,,0,
2026-07-11 17:00:16,0.3,18721,0.5,353,1,0,2,0,5,0,10,0,,,100,60,,,0,
2026-07-11 17:01:16,0.3,10243,0.5,0,1,0,2,0,5,0,10,0,,,100,60,,,0,
2026-07-11 17:02:16,0.3,4238,0.5,0,1,0,2,0,5,0,10,0,,,100,60,,,0,
2026-07-11 17:03:16,0.3,3179,0.5,1059,1,353,2,706,5,353,10,0,,,100,60,,,0,
2026-07-11 17:04:16,0.3,45213,0.5,18368,1,12009,2,15542,5,2472,10,706,,,100,60,,,0,
2026-07-11 17:05:16,0.3,104556,0.5,15895,1,3532,2,5298,5,2825,10,1766,,,100,60,,,0,
2026-07-11 17:06:16,0.3,195690,0.5,22606,1,0,2,0,5,353,10,0,,,100,60,,,0,
2026-07-11 17:07:16,0.3,305545,0.5,42741,1,353,2,0,5,0,10,0,,,100,60,,,0,
2026-07-11 17:08:16,0.3,300247,0.5,67114,1,706,2,706,5,0,10,0,,,100,60,,,0,
2026-07-11 17:09:16,0.3,255740,0.5,60049,1,353,2,353,5,0,10,0,,,100,60,,,0,
2026-07-11 17:10:16,0.3,197103,0.5,45920,1,706,2,0,5,0,10,0,,,100,60,,,0,
2026-07-11 17:11:16,0.3,123984,0.5,24019,1,1412,2,706,5,353,10,0,,,100,60,,,0,
2026-07-11 17:12:16,0.3,533380,0.5,49452,1,4238,2,2119,5,353,10,353,,,100,60,,,0,
2026-07-11 17:13:16,0.3,201342,0.5,29671,1,1766,2,2472,5,353,10,0,,,100,60,,,0,
2026-07-11 17:14:16,0.3,76298,0.5,20840,1,1766,2,0,5,0,10,0,,,100,60,,,0,
2026-07-11 17:15:16,0.3,121511,0.5,26845,1,1059,2,2472,5,0,10,0,,,100,60,,,0,
2026-07-11 17:16:16,0.3,197103,0.5,39915,1,3885,2,1766,5,0,10,0,,,100,60,,,0,
2026-07-11 17:17:16,0.3,235959,0.5,36029,1,4945,2,1766,5,0,10,1059,,,100,60,,,0,
2026-07-11 17:18:16,0.3,75591,0.5,29318,1,5298,2,353,5,0,10,353,,,100,60,,,0,
2026-07-11 17:19:16,0.3,130342,0.5,27905,1,5298,2,1059,5,0,10,0,,,100,60,,,0,
2026-07-11 17:20:16,0.3,174143,0.5,34263,1,4945,2,2119,5,0,10,1059,,,100,60,,,0,
2026-07-11 17:21:16,0.3,156481,0.5,36029,1,5651,2,5651,5,0,10,1412,,,100,60,,,0,
2026-07-11 17:22:16,0.3,120805,0.5,31437,1,3532,2,1766,5,353,10,2472,,,100,60,,,0,
2026-07-11 17:23:16,0.3,135287,0.5,38855,1,5651,2,2119,5,0,10,1412,,,100,60,,,0,
2026-07-11 17:24:16,0.3,112327,0.5,25432,1,2472,2,1766,5,706,10,706,,,100,60,,,0,
2026-07-11 17:25:16,0.3,122218,0.5,31437,1,3179,2,353,5,0,10,1766,,,100,60,,,0,
2026-07-11 17:26:16,0.3,281172,0.5,59696,1,10243,2,13069,5,3532,10,4238,,,100,60,,,0,
2026-07-11 17:27:16,0.3,609325,0.5,82656,1,13776,2,10596,5,1059,10,2472,,,100,60,,,0,
2026-07-11 17:28:16,0.3,917696,0.5,91487,1,18014,2,11303,5,1766,10,2825,,,100,60,,,0,
2026-07-11 17:29:16,0.3,2578240,0.5,188272,1,50865,2,36029,5,3532,10,5298,,,100,60,,,0,
2026-07-11 17:30:16,0.3,4849170,0.5,329565,1,81949,2,63935,5,5298,10,3532,,,100,60,,,0,
2026-07-11 17:31:16,0.3,6196750,0.5,532320,1,180854,2,151889,5,6711,10,3885,,,100,60,,,0,
2026-07-11 17:32:16,0.3,28452136,0.5,6887319,1,3621335,2,6000706,5,824796,10,194630,,,100,60,,,0,
2026-07-11 17:33:16,0.3,41089012,0.5,4141646,1,658071,2,375838,5,7771,10,353,,,100,60,,,0,
2026-07-11 17:34:16,0.3,29142352,0.5,1474390,1,172377,2,68527,5,706,10,0,,,100,60,,,0,
2026-07-11 17:35:16,0.3,25930412,0.5,1083716,1,133874,2,50512,5,0,10,0,,,100,60,,,0,
2026-07-11 17:36:16,0.3,20146238,0.5,933945,1,107382,2,42034,5,0,10,0,,,100,60,,,0,
2026-07-11 17:37:16,0.3,21999292,0.5,1115153,1,110914,2,39208,5,0,10,0,,,100,60,,,0,
2026-07-11 17:38:16,0.3,26092546,0.5,1306958,1,109148,2,43800,5,0,10,0,,,100,60,,,0,
2026-07-11 17:39:16,0.3,25807134,0.5,1291416,1,108089,2,43094,5,706,10,0,,,100,60,,,0,
2026-07-11 17:40:16,0.3,27834334,0.5,1401624,1,115860,2,32144,5,353,10,0,,,100,60,,,0,
2026-07-11 17:41:16,0.3,26382550,0.5,1412221,1,105969,2,34969,5,0,10,0,,,100,60,,,0,
2026-07-11 17:42:16,0.3,26901094,0.5,1354645,1,115860,2,38149,5,0,10,0,,,100,60,,,0,
2026-07-11 17:43:16,0.3,29003884,0.5,1438007,1,117273,2,34616,5,0,10,0,,,100,60,,,0,
2026-07-11 17:44:16,0.3,23079830,0.5,1148710,1,109501,2,38149,5,0,10,0,,,100,60,,,0,
2026-07-11 17:45:16,0.3,22916636,0.5,1157894,1,96079,2,36736,5,353,10,0,,,100,60,,,0,
2026-07-11 17:46:16,0.3,26252206,0.5,1401271,1,134934,2,48392,5,0,10,0,,,100,60,,,0,
2026-07-11 17:47:16,0.3,27016248,0.5,1424938,1,119039,2,43447,5,0,10,0,,,100,60,,,0,
2026-07-11 17:48:16,0.3,27896856,0.5,1511126,1,115153,2,40974,5,0,10,0,,,100,60,,,0,
2026-07-11 17:49:16,0.3,24508654,0.5,1389261,1,152949,2,57576,5,353,10,0,,,100,60,,,0,
2026-07-11 17:50:16,0.3,23239138,0.5,1265277,1,116566,2,37795,5,0,10,0,,,100,60,,,0,
2026-07-11 17:51:16,0.3,21070646,0.5,1164606,1,108795,2,36736,5,353,10,0,,,100,60,,,0,
2026-07-11 17:52:16,0.3,29865064,0.5,1601907,1,146591,2,44860,5,0,10,0,,,100,60,,,0,
2026-07-11 17:53:16,0.3,29917342,0.5,1648180,1,134581,2,39561,5,0,10,0,,,100,60,,,0,
2026-07-11 17:54:16,0.3,23395620,0.5,1335923,1,105969,2,40268,5,0,10,0,,,100,60,,,0,
2026-07-11 17:55:16,0.3,24214764,0.5,1303073,1,109148,2,32497,5,0,10,0,,,100,60,,,0,
2026-07-11 17:56:16,0.3,24392440,0.5,1410808,1,109855,2,35676,5,353,10,0,,,100,60,,,0,
2026-07-11 17:57:16,0.3,22006358,0.5,1255033,1,102437,2,33203,5,0,10,0,,,100,60,,,0,
2026-07-11 17:58:16,0.3,29640056,0.5,1736135,1,144471,2,43800,5,0,10,0,,,100,60,,,0,
2026-07-11 17:59:16,0.3,23517484,0.5,1375132,1,111268,2,40621,5,353,10,0,,,100,60,,,0,
2026-07-11 18:00:16,0.3,22648886,0.5,1430943,1,134934,2,48392,5,0,10,0,,,100,60,,,0,
2026-07-11 18:01:16,0.3,23503708,0.5,1423525,1,135641,2,50512,5,1766,10,0,,,100,60,,,0,
2026-07-11 18:02:16,0.3,3520664,0.5,456022,1,95372,2,78417,5,7064,10,0,,,100,60,,,0,
2026-07-11 18:03:16,0.3,2826563,0.5,480042,1,142352,2,108795,5,11303,10,0,,,100,60,,,0,
2026-07-11 18:04:16,0.3,2880254,0.5,565171,1,177675,2,154009,5,16601,10,0,,,100,60,,,0,
2026-07-11 18:05:16,0.3,2960438,0.5,655245,1,233133,2,242670,5,37089,10,0,,,100,60,,,0,
2026-07-11 18:06:16,0.3,3296361,0.5,590957,1,217590,2,205227,5,34969,10,0,,,100,60,,,0,
2026-07-11 18:07:16,0.3,5961144,0.5,2186506,1,1060755,2,2138467,5,878134,10,0,,,100,60,,,0,
2026-07-11 18:08:16,0.3,15523489,0.5,14787001,1,8565171,2,11327799,5,1862239,10,0,,,100,60,,,0,
2026-07-11 18:09:16,0.3,9660897,0.5,5047333,1,2918050,2,3877075,5,649240,10,84069,,,100,60,,,0,
